{"cameraMode":{"drawMode":0,"name":"Shaded","section":"Shading Mode"},"sceneLighting":true,"audioPlay":false,"sceneViewState":{"m_AlwaysRefresh":true,"showFog":true,"showSkybox":true,"showFlares":true,"showImageEffects":true,"showParticleSystems":true,"showVisualEffectGraphs":true,"m_FxEnabled":true},"in2DMode":false,"pivot":{"x":-13.841888427734375,"y":16.944814682006837,"z":18.481605529785158},"rotation":{"x":-0.38676536083221438,"y":0.041182227432727817,"z":-0.017408283427357675,"w":-0.9212105870246887},"size":44.38473892211914,"orthographic":false}